{
  "heavy": {
    "name": "heavy",
    "n_shards": 28,
    "n_sampled": 1389527,
    "sources": {
      "mathwriting": 583042,
      "oleehyo": 496871,
      "linxy_synthetic_handwrite": 85153,
      "linxy_full": 84805,
      "hme100k": 66790,
      "im2latex": 61096,
      "crohme": 10566,
      "linxy_human_handwrite": 1204
    },
    "img_decode_fail": 0,
    "img_blank": 1565,
    "img_mostly_white": 119039,
    "img_mostly_dark": 23499,
    "img_dup_count": 0,
    "img_width_p": {
      "count": 1389527.0,
      "mean": 412.01190045245613,
      "std": 284.0900712867176,
      "min": 24.0,
      "25%": 230.0,
      "50%": 342.0,
      "75%": 489.0,
      "max": 1500.0
    },
    "img_height_p": {
      "count": 1389527.0,
      "mean": 93.11136019667124,
      "std": 46.23262662126,
      "min": 15.0,
      "25%": 54.0,
      "50%": 93.0,
      "75%": 128.0,
      "max": 500.0
    },
    "img_aspect_p": {
      "count": 1389527.0,
      "mean": 4.990592218790998,
      "std": 3.2791587312017754,
      "min": 0.442,
      "25%": 2.747,
      "50%": 4.427,
      "75%": 6.086,
      "max": 66.667
    },
    "img_bytes_p": {
      "count": 1389527.0,
      "mean": 34310.143827359956,
      "std": 52241.837815732506,
      "min": 104.0,
      "25%": 8363.0,
      "50%": 16885.0,
      "75%": 36798.5,
      "max": 939373.0
    },
    "img_mean_px": {
      "count": 1389527.0,
      "mean": 196.54740144456056,
      "std": 53.35594577944482,
      "min": 0.0,
      "25%": 182.2551817142656,
      "50%": 212.5678598774885,
      "75%": 231.61171461586724,
      "max": 255.0
    },
    "img_std_px": {
      "count": 1389527.0,
      "mean": 50.528900995161926,
      "std": 23.48785117687699,
      "min": 0.0,
      "25%": 31.316442228657642,
      "50%": 51.23898487781659,
      "75%": 67.4887473222694,
      "max": 126.29592414397997
    },
    "img_modes": {
      "RGB": 1389527
    },
    "lat_decode_fail": 0,
    "lat_empty": 0,
    "lat_brace_unbal": 10155,
    "lat_dup_count": 312039,
    "lat_length_p": {
      "count": 1389527.0,
      "mean": 75.10168064384499,
      "std": 66.24653568680687,
      "min": 2.0,
      "25%": 26.0,
      "50%": 55.0,
      "75%": 104.0,
      "max": 512.0
    },
    "lat_n_cmds_p": {
      "count": 1389527.0,
      "mean": 5.827890354055732,
      "std": 6.257760329783241,
      "min": 0.0,
      "25%": 1.0,
      "50%": 4.0,
      "75%": 8.0,
      "max": 65.0
    },
    "lat_n_fracs_p": {
      "count": 1389527.0,
      "mean": 0.641822720969078,
      "std": 1.159864451304755,
      "min": 0.0,
      "25%": 0.0,
      "50%": 0.0,
      "75%": 1.0,
      "max": 19.0
    },
    "lat_n_sup_sub_p": {
      "count": 1389527.0,
      "mean": 4.379861636369786,
      "std": 5.271647318610631,
      "min": 0.0,
      "25%": 1.0,
      "50%": 3.0,
      "75%": 6.0,
      "max": 100.0
    },
    "lat_has_newline": 36181
  },
  "light": {
    "name": "light",
    "n_shards": 28,
    "n_sampled": 1389527,
    "sources": {
      "mathwriting": 583042,
      "oleehyo": 496871,
      "linxy_synthetic_handwrite": 85153,
      "linxy_full": 84805,
      "hme100k": 66790,
      "im2latex": 61096,
      "crohme": 10566,
      "linxy_human_handwrite": 1204
    },
    "img_decode_fail": 0,
    "img_blank": 29,
    "img_mostly_white": 287129,
    "img_mostly_dark": 5,
    "img_dup_count": 12,
    "img_width_p": {
      "count": 1389527.0,
      "mean": 412.01457402411035,
      "std": 284.08679225600326,
      "min": 24.0,
      "25%": 230.0,
      "50%": 342.0,
      "75%": 489.0,
      "max": 1500.0
    },
    "img_height_p": {
      "count": 1389527.0,
      "mean": 93.11189491100208,
      "std": 46.23169680021342,
      "min": 15.0,
      "25%": 54.0,
      "50%": 93.0,
      "75%": 128.0,
      "max": 500.0
    },
    "img_aspect_p": {
      "count": 1389527.0,
      "mean": 4.990592218790998,
      "std": 3.2791587312017754,
      "min": 0.442,
      "25%": 2.747,
      "50%": 4.427,
      "75%": 6.086,
      "max": 66.667
    },
    "img_bytes_p": {
      "count": 1389527.0,
      "mean": 24732.55935005221,
      "std": 43847.61761586429,
      "min": 235.0,
      "25%": 5442.0,
      "50%": 10586.0,
      "75%": 23996.0,
      "max": 841081.0
    },
    "img_mean_px": {
      "count": 1389527.0,
      "mean": 225.59347458303716,
      "std": 24.493001517119616,
      "min": 8.886335281371068,
      "25%": 217.24241723708843,
      "50%": 231.6004451982192,
      "75%": 243.11406125398724,
      "max": 255.0
    },
    "img_std_px": {
      "count": 1389527.0,
      "mean": 45.49981448300789,
      "std": 21.478958111965046,
      "min": 0.0,
      "25%": 27.427860938583038,
      "50%": 39.85600973811726,
      "75%": 63.92482355606097,
      "max": 127.37994441323507
    },
    "img_modes": {
      "RGB": 1389527
    },
    "lat_decode_fail": 0,
    "lat_empty": 0,
    "lat_brace_unbal": 10155,
    "lat_dup_count": 312039,
    "lat_length_p": {
      "count": 1389527.0,
      "mean": 75.10168064384499,
      "std": 66.24653568680687,
      "min": 2.0,
      "25%": 26.0,
      "50%": 55.0,
      "75%": 104.0,
      "max": 512.0
    },
    "lat_n_cmds_p": {
      "count": 1389527.0,
      "mean": 5.827890354055732,
      "std": 6.257760329783241,
      "min": 0.0,
      "25%": 1.0,
      "50%": 4.0,
      "75%": 8.0,
      "max": 65.0
    },
    "lat_n_fracs_p": {
      "count": 1389527.0,
      "mean": 0.641822720969078,
      "std": 1.159864451304755,
      "min": 0.0,
      "25%": 0.0,
      "50%": 0.0,
      "75%": 1.0,
      "max": 19.0
    },
    "lat_n_sup_sub_p": {
      "count": 1389527.0,
      "mean": 4.379861636369786,
      "std": 5.271647318610631,
      "min": 0.0,
      "25%": 1.0,
      "50%": 3.0,
      "75%": 6.0,
      "max": 100.0
    },
    "lat_has_newline": 36181
  },
  "raw": {
    "name": "raw",
    "n_shards": 29,
    "n_sampled": 1428735,
    "sources": {
      "oleehyo": 484815,
      "mathwriting": 434961,
      "printed_tex": 236442,
      "linxy_full": 76294,
      "linxy_synthetic_handwrite": 74971,
      "im2latex": 52808,
      "hme100k": 52545,
      "crohme_handwritten": 8519,
      "crohme": 7173,
      "linxy_human_handwrite": 207
    },
    "img_decode_fail": 0,
    "img_blank": 14,
    "img_mostly_white": 446636,
    "img_mostly_dark": 0,
    "img_dup_count": 5666,
    "img_width_p": {
      "count": 1428735.0,
      "mean": 418.3913811868541,
      "std": 358.464318493,
      "min": 24.0,
      "25%": 219.0,
      "50%": 320.0,
      "75%": 479.0,
      "max": 5601.0
    },
    "img_height_p": {
      "count": 1428735.0,
      "mean": 85.08983401400539,
      "std": 82.02421466272065,
      "min": 9.0,
      "25%": 41.0,
      "50%": 66.0,
      "75%": 128.0,
      "max": 1010.0
    },
    "img_aspect_p": {
      "count": 1428735.0,
      "mean": 5.809888933917066,
      "std": 3.680872688420906,
      "min": 0.37,
      "25%": 3.397,
      "50%": 5.0,
      "75%": 7.16,
      "max": 159.64
    },
    "img_bytes_p": {
      "count": 1428735.0,
      "mean": 6899.337826118909,
      "std": 14775.131409943007,
      "min": 327.0,
      "25%": 2488.0,
      "50%": 4432.0,
      "75%": 7701.0,
      "max": 1361738.0
    },
    "img_mean_px": {
      "count": 1428735.0,
      "mean": 235.5355161771674,
      "std": 19.036358497748754,
      "min": 29.010134310134312,
      "25%": 231.58774771341464,
      "50%": 240.14889937106918,
      "75%": 246.45998575965064,
      "max": 255.0
    },
    "img_std_px": {
      "count": 1428735.0,
      "mean": 50.88998372161777,
      "std": 20.564685169647003,
      "min": 0.0,
      "25%": 34.18838342188661,
      "50%": 45.35173472010443,
      "75%": 69.51221041822149,
      "max": 127.49999572431592
    },
    "img_modes": {
      "RGB": 1428735
    },
    "lat_decode_fail": 0,
    "lat_empty": 0,
    "lat_brace_unbal": 12111,
    "lat_dup_count": 151211,
    "lat_length_p": {
      "count": 1428735.0,
      "mean": 84.14371664444421,